word,count
cloudflare,7827
error,4741
this,3062
what,3010
worker,2856
threw,2856
exception,2856
your,2613
page,2198
security,1907
please,1809
enable,1805
that,1782
click,1729
check,1689
website,1643
performance,1638
reveal,1635
should,1597
requested,1561
while,1556
owner,1521
login,1455
unknown,1438
occurred,1428
rendering,1428
logs,1428
found,699
site,546
send,525
phishing,430
working,405
null,383
reload,381
more,351
server,316
information,290
suspected,284
learn,266
privacy,264
from,252
proceed,241
steal,240
been,230
some,217
could,212
improve,202
content,192
domain,192
when,186
here,178
safe,168
certificate,165
microsoft,157
sensitive,156
with,154
potential,150
connection,149
contact,149
warning,146
back,146
reported,144
ignore,141
attempts,140
falsely,140
presenting,140
trying,138
help,131
there,128
file,126
policy,125
protection,124
advanced,120
system,119
have,117
hosting,117
proxy,114
full,113
their,112
urls,112
might,111
safety,110
instructions,110
service,110
common,107
handle,106
javascript,106
access,106
turn,104
functionality,104
pages,103
currently,103
credit,102
everyone,102
sending,102
caused,102
unable,102
private,101
misconfiguration,101
attackers,100
encoded,100
warnings,100
websites,100
update,100
limited,100
highest,100
level,100
enhanced,100
prove,100
attacker,100
intercepting,100
necessary,96
litespeed,92
does,88
typo,87
reached,81
sign,81
forbidden,78
support,76
redirected,75
about,74
code,74
account,72
again,71
network,68
using,66
powered,65
make,63
visit,63
link,63
settings,62
down,62
beach,60
resource,59
home,59
cookies,57
browser,57
company,56
host,56
blocked,56
create,55
will,55
proudly,53
over,53
additional,53
free,53
transfer,53
ownership,52
google,51
control,51
http,51
sure,50
visitor,48
provider,48
troubleshooting,48
name,47
payment,47
need,46
serverplease,45
advised,45
technologies,45
address,44
terms,44
origin,43
then,43
business,43
rights,42
amazon,42
know,41
available,41
them,40
menu,39
after,39
firewall,38
chromium,38
configuration,38
osaka,37
correct,36
sedo,36
other,35
refused,34
clock,34
copyright,34
edit,34
read,33
welcome,33
enter,32
returning,32
include,32
most,32
keep,31
expired,31
secure,31
encrypt,31
links,31
just,31
list,30
change,30
encountered,29
letting,29
looking,29
nginx,29
bucket,29
diagnosing,28
errordocument,28
different,28
were,28
charged,28
vatusd,28
verify,27
documentation,27
where,27
apps,27
details,26
program,26
administrator,26
estimate,26
internet,25
devices,25
gone,25
blog,25
wordpress,25
online,25
webpage,25
listed,24
ipfs,24
form,24
first,24
within,24
easy,24
price,24
lease,24
allow,23
already,23
show,23
businesses,23
email,22
allowed,22
only,22
files,22
because,22
thank,22
options,22
vacation,22
believe,21
view,21
custom,21
refer,21
pricing,21
manager,21
homepage,20
invalid,20
next,20
look,20
take,20
education,20
tools,20
review,20
center,20
buyer,20
added,20
cancel,20
checking,19
connectionchecking,19
cables,19
reboot,19
antivirus,19
removing,19
adding,19
days,19
manage,19
transfers,19
platform,19
final,19
example,19
digital,18
temporarily,18
valid,18
document,18
prohibited,18
rainbow,18
news,18
many,18
term,18
installment,18
search,18
download,17
digicert,17
points,17
january,17
refresh,17
deployed,17
resolve,17
english,17
find,17
previous,17
short,17
public,17
line,17
operating,16
something,16
accessing,16
these,16
active,16
close,16
successfully,16
automatically,16
same,16
clicking,16
students,16
enterprise,16
windows,16
best,16
open,16
rental,16
prime,16
iphone,16
apple,16
trusted,15
port,15
receive,15
including,15
image,15
features,15
protect,15
seller,15
purchase,15
buying,15
recent,15
services,15
right,15
shortener,15
such,15
island,15
provided,14
signed,14
unavailable,14
pass,14
configured,14
appear,14
associated,14
install,14
malware,14
feel,14
records,14
before,14
simple,14
subscribe,14
certain,14
project,14
further,14
like,14
european,14
union,14
goods,14
consumers,14
country,14
usdprice,14
priceusd,14
based,14
long,14
party,14
specific,14
centos,14
password,13
mobile,13
book,13
passwordbecause,13
inforgot,13
permission,13
want,13
possible,13
changes,13
must,13
bahasa,13
type,13
newsletter,13
installed,13
commercial,13
assist,13
popular,13
choice,13
amount,13
currency,13
conversion,13
jpywhat,13
transaction,13
select,13
works,13
personal,13
essential,13
store,13
generated,13
third,13
reference,13
controlled,13
constitute,13
imply,13
endorsement,13
cannot,13
hope,12
done,12
reason,12
trust,12
through,12
generator,12
sitemap,12
sale,12
tech,12
checkout,12
paymentmonths,12
registrar,12
monthly,12
expenses,12
surface,12
together,12
maintains,12
relationship,12
trade,12
mark,12
core,12
problem,11
request,11
authority,11
style,11
tree,11
shown,11
outlook,11
several,11
media,11
seeing,11
instagram,11
word,11
bottom,11
looks,11
also,11
pick,11
analytics,11
developer,11
azure,11
place,11
errors,11
authorized,11
music,11
conditions,10
received,10
longer,10
process,10
cloud,10
moved,10
replit,10
resolving,10
creating,10
facebook,10
needs,10
continueray,10
product,10
reviews,10
latest,10
special,10
action,10
performed,10
triggered,10
actions,10
block,10
came,10
leading,10
once,10
consent,10
learning,10
small,10
teams,10
community,10
icon,10
marketing,10
exist,10
missing,10
brinco,10
tokyo,9
presented,9
indicate,9
ensure,9
issued,9
caexpires,9
used,9
team,9
shop,9
profile,9
into,9
codes,9
attention,9
itself,9
trigger,9
submitting,9
command,9
malformed,9
doing,9
covered,9
anything,9
refund,9
original,9
covers,9
visitors,9
office,9
resources,9
studio,9
laptop,9
issue,9
nothing,9
renew,9
specified,9
palm,9
permalinks,9
directives,9
editor,9
coming,8
soon,8
designed,8
part,8
sectigo,8
copy,8
overview,8
application,8
social,8
skip,8
empty,8
finished,8
setting,8
deploy,8
conflict,8
deutsch,8
sahaja,8
italiano,8
school,8
fast,8
companies,8
than,8
kind,8
collect,8
data,8
interact,8
cookie,8
copilot,8
xbox,8
deals,8
favorite,8
version,8
intuitive,8
between,8
accessible,8
unreachable,8
means,8
user,8
gateway,8
fort,8
scripts,8
disabled,8
theme,8
linkedin,8
video,8
slide,8
jamjake,8
wrong,8
flagged,8
index,8
colar,8
continue,7
another,7
notice,7
main,7
apache,7
maybe,7
nederlands,7
svenska,7
indonesia,7
affiliate,7
excellent,7
programwhen,7
unique,7
strictly,7
monitor,7
immediate,7
deliver,7
completed,7
delivers,7
tailored,7
specialists,7
hassle,7
paymentspay,7
bank,7
wire,7
discount,7
adyen,7
uber,7
taxthe,7
value,7
consumption,7
applied,7
outside,7
examplethe,7
rate,7
calculated,7
accordingly,7
during,7
entering,7
billing,7
calculation,7
examplewhat,7
since,7
providing,7
model,7
programfast,7
transfershassle,7
paymentsthe,7
namesno,7
matter,7
sell,7
undeveloped,7
cookiesour,7
uses,7
similar,7
agree,7
cookiesessential,7
onlyaccept,7
images,7
products,7
edge,7
quickly,7
design,7
experience,7
comments,7
until,7
case,7
tinyurl,7
unauthorized,7
spam,7
twitter,7
city,7
viewed,7
publicly,7
broken,7
internal,7
india,7
tell,7
expect,7
follow,6
walkman,6
sharing,6
shared,6
under,6
premium,6
solutions,6
default,6
development,6
think,6
zerossl,6
accordance,6
desk,6
scanner,6
melayu,6
deleted,6
comprehensible,6
variety,6
choosing,6
ability,6
scan,6
benefits,6
gdpr,6
trustpilot,6
legal,6
glitch,6
head,6
conditionsusd,6
overviewfull,6
monthslong,6
shortly,6
paymentafter,6
holding,6
vary,6
registrars,6
approve,6
paidwhen,6
paid,6
transferring,6
changing,6
timeyou,6
whenever,6
sellers,6
miss,6
installments,6
kept,6
returned,6
feelong,6
percentage,6
period,6
included,6
modelsdomain,6
priceinstallmentsservice,6
cost,6
renewal,6
recurring,6
processing,6
makes,6
facilitate,6
usdmonthly,6
total,6
domainpay,6
ownbuy,6
nowusd,6
ownusd,6
matches,6
months,6
informationnext,6
paymentslisted,6
onedrive,6
questions,6
share,6
collaborate,6
educators,6
they,6
fewer,6
places,6
brings,6
world,6
tracking,6
affiliates,6
shorten,6
house,6
lake,6
test,6
lightning,6
linux,6
reading,6
permanently,6
attempt,6
galaxy,6
current,6
para,6
root,6
section,6
important,6
platforms,6
enforce,6
option,6
structure,6
modify,6
rewriterule,6
rewritecond,6
revert,6
kawasaki,6
maintenance,5
which,5
htaccess,5
denying,5
created,5
restore,5
following,5
courses,5
registration,5
navigation,5
teachers,5
language,5
kami,5
suggest,5
youtube,5
users,5
potentially,5
knowledge,5
archive,5
report,5
bhutan,5
royal,5
academy,5
centre,5
global,5
software,5
remove,5
love,5
work,5
better,5
helps,5
consumer,5
reserved,5
theatre,5
reach,5
cause,5
spring,5
violation,5
owners,5
property,5
north,5
mastercard,5
consult,5
developers,5
ever,5
scroll,5
shortening,5
directory,5
spelling,5
faithfully,5
ways,5
people,5
phones,5
gaming,5
attempting,5
phone,4
number,4
abuse,4
downtime,4
capacity,4
sent,4
requires,4
pagethis,4
validation,4
international,4
selling,4
handshake,4
failed,4
changed,4
required,4
enrollment,4
status,4
student,4
legacy,4
migrated,4
deployments,4
templates,4
still,4
tidak,4
baik,4
widgits,4
plus,4
shipping,4
returns,4
biglobe,4
calls,4
recommended,4
certification,4
authorityexpires,4
winter,4
baccalaureate,4
events,4
careers,4
choose,4
connect,4
onenote,4
stories,4
asked,4
certified,4
refurbished,4
entertainment,4
game,4
games,4
dynamics,4
power,4
industry,4
marketplace,4
appsource,4
visual,4
organizations,4
seamlessly,4
family,4
ones,4
empowers,4
anywhere,4
organization,4
collaboration,4
left,4
empower,4
achieve,4
around,4
california,4
choices,4
selected,4
koperasi,4
registered,4
deceptive,4
malicious,4
koyeb,4
temporary,4
confirm,4
record,4
branded,4
computer,4
association,4
occur,4
directly,4
rules,4
cape,4
indian,4
west,4
upper,4
miami,4
myers,4
mirror,4
bugs,4
upstream,4
growing,4
android,4
drive,4
kindle,4
unlimited,4
basics,4
audible,4
biliwal,4
newsroom,4
science,4
either,4
region,4
zealand,4
australia,4
crisis,4
macbook,4
chromebook,4
timed,4
object,4
unexpectedly,4
closed,4
come,4
jotform,4
bitly,4
often,4
text,4
redirecting,4
encontrada,4
fechar,4
stored,4
save,4
conta,4
festa,4
elos,4
riviera,4
very,4
those,4
stadium,4
passkey,3
return,3
forgot,3
entered,3
person,3
professional,3
teacher,3
laman,3
ditemukan,3
pejuang,3
beranda,3
legalitas,3
tentang,3
strato,3
samagri,3
orders,3
clotheswooden,3
itemsprachar,3
samagripendantssahaja,3
remedypuja,3
charan,3
jalcandlessilver,3
itemsoilsbadgescalendarbrass,3
itemsphotoscar,3
itemsstickersincense,3
stickspuja,3
samagribooks,3
yoga,3
across,3
quota,3
maximum,3
admitted,3
base,3
statistic,3
class,3
research,3
gallery,3
stay,3
connected,3
individuals,3
customer,3
frequently,3
ultimate,3
plans,3
physical,3
bring,3
order,3
payments,3
supported,3
unit,3
recently,3
panel,3
provide,3
identified,3
window,3
notify,3
communication,3
making,3
illegal,3
mailing,3
recommend,3
domains,3
environment,3
florida,3
rentals,3
high,3
pool,3
panama,3
south,3
augustine,3
springs,3
clearwater,3
shores,3
largo,3
plantation,3
lauderdale,3
captiva,3
developed,3
multiple,3
avenues,3
gaba,3
optimize,3
time,3
tanaka,3
space,3
messages,3
passwords,3
reduce,3
extension,3
event,3
understand,3
mobiles,3
phonesbest,3
pavilion,3
laptops,3
magazine,3
carrinho,3
harmful,3
uploaded,3
misspelled,3
causes,3
turned,3
rule,3
renaming,3
refreshing,3
resolves,3
inadvertently,3
folder,3
tells,3
addon,3
names,3
properties,3
path,3
varies,3
goto,3
activated,3
rewrite,3
encounter,3
correcting,3
reset,3
snippet,3
begin,3
rewriteengine,3
rewritebase,3
showing,3
usually,3
related,3
contains,3
behave,3
scenarios,3
affect,3
redirects,3
rewriting,3
joomla,3
magento,3
various,3
articles,3
upload,3
mode,3
cpanel,3
easiest,3
suggested,3
backup,3
goes,3
wish,3
hidden,3
dialogue,3
asking,3
hand,3
corner,3
fermier,3
fujitsu,3
frontale,3
siteskip,2
contentskip,2
existgo,2
updated,2
sitesreport,2
identity,2
credentials,2
activate,2
recipient,2
csipalettebuilder,2
japanese,2
lantern,2
traefik,2
establish,2
appears,2
compatible,2
happen,2
cipher,2
hong,2
kong,2
hours,2
clearing,2
restart,2
inter,2
asian,2
results,2
above,2
locate,2
quick,2
bachelor,2
replitskip,2
contentopen,2
navbar,2
menufeaturesmembershipblogpricingcareerssign,2
uplog,2
innot,2
appblogaboutcareerspricinglegalterms,2
serviceprivacysubprocessorsdpaus,2
dpastudent,2
privacyfeaturesidemultiplayercommunitydeploymentsreplit,2
aibountieshandy,2
linkslanguagesdocssupportforumstatusimport,2
glitchimport,2
herokucopilot,2
alternativebrand,2
kitreplit,2
indiapartnershipsprogramming,2
daddy,2
suspended,2
englishkoreanchinese,2
touch,2
kenapa,2
berdonasi,2
profil,2
ponpes,2
darul,2
fithrah,2
halaman,2
cari,2
ltdexpires,2
diese,2
nicht,2
seite,2
einem,2
esta,2
disponible,2
become,2
member,2
photosshri,2
nirmala,2
prakashan,2
known,2
navigate,2
picsee,2
ahead,2
post,2
kids,2
institute,2
motherboard,2
transition,2
alumni,2
never,2
existed,2
families,2
frontline,2
workers,2
excel,2
powerpoint,2
sharepoint,2
authenticator,2
mobility,2
nonprofits,2
schools,2
clipchamp,2
viva,2
compliance,2
requirements,2
skype,2
computers,2
accessories,2
mixed,2
reality,2
cash,2
movies,2
rewards,2
downloads,2
gift,2
cards,2
licensing,2
unlocked,2
true,2
introducing,2
lets,2
gets,2
storage,2
charge,2
inspiring,2
graphic,2
explore,2
confidence,2
memories,2
friends,2
loved,2
employees,2
anyone,2
worksheets,2
contentyour,2
safely,2
organizational,2
chat,2
tracks,2
remotely,2
blended,2
spark,2
creativity,2
inclusive,2
equitable,2
environments,2
develop,2
skills,2
both,2
academic,2
career,2
success,2
reimagined,2
give,2
projects,2
whether,2
globe,2
promise,2
flexible,2
educator,2
training,2
parents,2
investors,2
diversity,2
inclusion,2
accessibility,2
sustainability,2
trademarks,2
recycling,2
worldwide,2
cheapest,2
items,2
huge,2
cache,2
monitors,2
investigates,2
pull,2
corresponding,2
submit,2
leadership,2
production,2
past,2
telegram,2
unavailableforlegalreasons,2
mega,2
artha,2
utama,2
hubungi,2
kategori,2
kabar,2
arsip,2
bogor,2
translate,2
pagego,2
globalsign,2
general,2
lost,2
homeabout,2
usacceptable,2
policyterms,2
start,2
violates,2
sender,2
brand,2
rebrandly,2
serverless,2
followed,2
staff,2
businesspress,2
nosuchkeythe,2
visiting,2
strict,2
apologize,2
money,2
shortened,2
management,2
customized,2
campaign,2
moving,2
jump,2
destination,2
least,2
apply,2
filter,2
cottage,2
condo,2
villa,2
yacht,2
estate,2
guest,2
parking,2
carrabelle,2
hill,2
destin,2
walton,2
gulf,2
inlet,2
miramar,2
navarre,2
pensacola,2
bradenton,2
seacrest,2
ponte,2
vedra,2
hernando,2
redington,2
harbor,2
tampa,2
daytona,2
ormond,2
islamorada,2
matecumbe,2
pine,2
little,2
torch,2
kissimmee,2
orlando,2
jupiter,2
worth,2
coral,2
englewood,2
naples,2
siesta,2
venice,2
gardens,2
park,2
advertise,2
subscription,2
destinations,2
matsutani,2
tomomi,2
explorer,2
retry,2
expansion,2
external,2
optimized,2
safari,2
wiki,2
lists,2
forums,2
donate,2
distribution,2
derived,2
sources,2
freely,2
conforms,2
fully,2
vendors,2
redistribution,2
aims,2
functionally,2
mainly,2
packages,2
vendor,2
branding,2
contributors,2
enthusiasts,2
numerous,2
advantages,2
errata,2
extensive,2
contactable,2
interest,2
groups,2
guide,2
someone,2
personally,2
likely,2
powerful,2
trackable,2
manually,2
risk,2
detailed,2
allows,2
each,2
customize,2
spammy,2
aisystem,2
consulting,2
topics,2
branch,2
jafoo,2
shorturl,2
tool,2
avoid,2
acquire,2
card,2
pretending,2
trustworthy,2
dismiss,2
notified,2
onelinks,2
alternatives,2
innovative,2
shorteners,2
invitations,2
deep,2
role,2
church,2
books,2
flip,2
traditional,2
especially,2
feature,2
transitioning,2
takes,2
trustasia,2
hindi,2
tamil,2
kannada,2
telugu,2
malayalam,2
bangla,2
marathi,2
register,2
oppo,2
fold,2
slim,2
nvidia,2
geforce,2
partners,2
oled,2
digit,2
technology,2
compare,2
bentolog,2
chinese,2
generate,2
modifiedsizedescription,2
aceitar,2
preferences,2
perform,2
basic,2
functionalities,2
functional,2
analyze,2
advertisement,2
minha,2
procura,2
conjuntos,2
brincos,2
argola,2
cuff,2
grande,2
pequeno,2
colares,2
choker,2
longo,2
religioso,2
gravatinha,2
malha,2
pulseiras,2
bracelete,2
olho,2
grego,2
religiosa,2
loja,2
todos,2
direitos,2
being,2
lead,2
inicio,2
tienda,2
nosotros,2
cuentaalternar,2
carrito,2
buscar,2
namelast,2
modifiedsize,2
served,2
fighting,2
journal,2
recipe,2
dictionary,2
corporate,2
gouda,2
fase,2
pesquisar,2
smbc,2
finance,2
contain,2
went,1
incorrect,1
simulated,1
exercise,1
color,1
palettebuilder,1
chouchin,1
pricelist,1
chochin,1
creation,1
lanterns,1
agreement,1
certexpires,1
refining,1
floor,1
trending,1
sukhumvit,1
thailand,1
iaie,1
accredited,1
regulatory,1
commission,1
continuing,1
accreditation,1
master,1
arts,1
elementary,1
secondary,1
diploma,1
followfollow,1
uemura,1
fishing,1
tackle,1
looked,1
everywherefor,1
findwhat,1
stunning,1
jembatan,1
orang,1
yang,1
anda,1
kembali,1
zeit,1
besuchen,1
zeitpunkt,1
noch,1
vielen,1
encuentra,1
estos,1
nuevo,1
deze,1
pagina,1
moment,1
niet,1
probeer,1
later,1
hartelijk,1
cette,1
pour,1
veuillez,1
merci,1
votre,1
bonne,1
denna,1
hemsida,1
inte,1
igen,1
senare,1
tack,1
enjoy,1
photosgulab,1
homeerror,1
gyan,1
forum,1
formed,1
shri,1
mata,1
devi,1
authorised,1
deal,1
literature,1
catalog,1
complaint,1
nowbiglobehomewelcomeaboutserviceopening,1
hoursfeaturesmoreuse,1
famous,1
classfied,1
abusive,1
sydney,1
none,1
monsthry,1
druk,1
philosophical,1
underpinnings,1
areas,1
cycles,1
admission,1
faculty,1
workshops,1
seminars,1
collabration,1
researchers,1
journey,1
meet,1
videos,1
jobs,1
testimonial,1
hiding,1
secretariat,1
paro,1
exists,1
moito,1
call,1
fashiondeals,1
exclusive,1
coupon,1
rated,1
newsletterget,1
sales,1
wishlist,1
methods,1
french,1
primary,1
roles,1
committee,1
artistic,1
productions,1
shows,1
arcappella,1
supporting,1
youth,1
supportingproudly,1
issuing,1
afghanistan,1
bitcash,1
nosuchkey,1
lompat,1
konten,1
visi,1
misi,1
produk,1
simjaka,1
gold,1
platinum,1
mapan,1
ceria,1
usaha,1
galeri,1
berita,1
tersebut,1
sepertinya,1
apapun,1
lokasi,1
coba,1
salah,1
satu,1
tautan,1
berikut,1
atau,1
lakukan,1
terbaru,1
rapat,1
anggota,1
tahunan,1
paling,1
sering,1
digunakan,1
berkategori,1
arsipcobalah,1
mencari,1
pilih,1
bulan,1
september,1
caricari,1
onepress,1
tema,1
oleh,1
famethemes,1
whatsapp,1
matching,1
accepted,1
response,1
format,1
accident,1
kurze,1
klick,1
fehler,1
gesuchte,1
konnte,1
gefunden,1
clover,1
searching,1
always,1
landed,1
route,1
detected,1
running,1
less,1
displayed,1
composed,1
encryption,1
everywhere,1
hinokibunko,1
terminated,1
creator,1
intrusion,1
infringement,1
material,1
without,1
fraudulent,1
practice,1
purporting,1
reputable,1
induce,1
confidential,1
specifically,1
gain,1
unsolicited,1
fraud,1
scams,1
wrongful,1
criminal,1
deception,1
intended,1
result,1
monetary,1
message,1
informed,1
participate,1
database,1
filtering,1
everything,1
monitoring,1
blogs,1
infomation,1
lesson,1
eurythmics,1
circle,1
concours,1
audition,1
piano,1
wephoto,1
column,1
cart,1
opened,1
forwards,1
target,1
typos,1
jelastic,1
dashboard,1
button,1
resolved,1
uploads,1
sort,1
bungalow,1
cabin,1
boat,1
apartment,1
lodge,1
chalet,1
townhouse,1
houseboat,1
farmhouse,1
barn,1
mill,1
castle,1
hotel,1
tower,1
resort,1
breakfast,1
pets,1
suitable,1
smoking,1
amenities,1
outdoor,1
laundry,1
machines,1
garden,1
backyard,1
dishwasher,1
linens,1
fireplace,1
balcony,1
patio,1
deck,1
heating,1
chair,1
crib,1
microwave,1
player,1
iron,1
ironing,1
board,1
equipment,1
location,1
waterfront,1
ocean,1
oceanfront,1
beachfront,1
mountains,1
downtown,1
town,1
rural,1
golf,1
course,1
cities,1
blas,1
beacon,1
breeze,1
mexico,1
okaloosa,1
rosemary,1
santa,1
rosa,1
seagrove,1
seaside,1
george,1
tallahassee,1
amelia,1
crescent,1
fernandina,1
flagler,1
georgetown,1
jacksonville,1
painters,1
coast,1
brandon,1
citrus,1
dunedin,1
gulfport,1
holiday,1
hudson,1
rocks,1
inverness,1
isla,1
madeira,1
richey,1
odessa,1
oldsmar,1
ruskin,1
sand,1
seminole,1
pete,1
tarpon,1
treasure,1
canaveral,1
cocoa,1
hutchinson,1
jensen,1
melbourne,1
merritt,1
smyrna,1
ponce,1
lucie,1
stuart,1
vero,1
tavernier,1
windley,1
lightnumvitae,1
lower,1
craig,1
fiesta,1
conch,1
duck,1
grassy,1
marathon,1
islands,1
point,1
pigeon,1
cudjoe,1
colony,1
satellite,1
ramrod,1
sugarloaf,1
summerland,1
astor,1
auburndale,1
clermont,1
davenport,1
four,1
corners,1
haines,1
buena,1
vista,1
lakeland,1
ocala,1
sanford,1
villages,1
boca,1
raton,1
deerfield,1
delray,1
stream,1
hallandale,1
highland,1
hollywood,1
homestead,1
pompano,1
singer,1
sunny,1
isles,1
surfside,1
weston,1
anna,1
maria,1
bokeelia,1
bonita,1
estero,1
lehigh,1
acres,1
gasparilla,1
longboat,1
manasota,1
marco,1
matlacha,1
nokomis,1
charlotte,1
punta,1
gorda,1
rotonda,1
sanibel,1
sarasota,1
petersburg,1
sebastian,1
mount,1
dora,1
gainesville,1
crystal,1
river,1
belleair,1
weeki,1
wachee,1
oakland,1
apollo,1
williamsburg,1
keystone,1
perdido,1
wesley,1
chapel,1
suwannee,1
haven,1
dunnellon,1
wilton,1
manors,1
panasoffkee,1
everglades,1
apopka,1
lady,1
placid,1
freeport,1
wellington,1
pierce,1
duplex,1
townhome,1
luxury,1
featured,1
renters,1
alike,1
good,1
floridavacationrentalsbyowners,1
disclaimer,1
trial,1
guides,1
visa,1
amex,1
paypal,1
profileworksbookscontact,1
signing,1
foundsite,1
foundlooks,1
siteif,1
expecting,1
took,1
guess,1
technical,1
health,1
seem,1
pointing,1
feeds,1
anybody,1
searchbox,1
wont,1
walk,1
chose,1
blogroll,1
planet,1
cats,1
archives,1
month,1
prowdly,1
incapsula,1
incident,1
dream,1
therapy,1
panda,1
applefans,1
applefansvpn,1
applefanseipmagic,1
keyboardpenoval,1
ultrapenoval,1
pencilsmart,1
ipad,1
magnetix,1
applefansback,1
schoolbtsbts,1
initial,1
completing,1
able,1
hogging,1
tracker,1
made,1
difference,1
track,1
highly,1
morenocreate,1
saves,1
improves,1
lengthy,1
provides,1
statistics,1
decisions,1
campaigns,1
utms,1
builder,1
parameters,1
identify,1
efforts,1
investment,1
streamline,1
easily,1
whitestart,1
todaycreate,1
englishmade,1
colombia,1
distributed,1
located,1
directive,1
espanol,1
universal,1
simply,1
absolutely,1
perhaps,1
even,1
analogue,1
independently,1
prohibits,1
generating,1
delete,1
loading,1
clinic,1
expires,1
nosuchbucket,1
notfoundhttpexception,1
nosuchbucketthe,1
deployment,1
counter,1
unshorten,1
named,1
namespace,1
serviceunavailableplease,1
deleting,1
telecommunications,1
screenshot,1
comparisons,1
posts,1
everyday,1
life,1
stumbled,1
upon,1
ridiculously,1
efficiency,1
offering,1
seamless,1
planning,1
crafting,1
evolved,1
typing,1
printed,1
podcast,1
podcasts,1
uniquely,1
engaging,1
offer,1
blend,1
bulk,1
strategic,1
advantage,1
churches,1
embracing,1
innovation,1
deeply,1
involved,1
operations,1
enhancing,1
evolution,1
bridging,1
print,1
leveraging,1
footprints,1
becoming,1
significant,1
finding,1
merge,1
offline,1
dive,1
understanding,1
behavior,1
paramount,1
aiming,1
strategies,1
enhance,1
serving,1
bridge,1
character,1
every,1
marketer,1
effective,1
incorporate,1
luck,1
marketers,1
migrating,1
comprehensive,1
switching,1
quite,1
docs,1
copied,1
chrome,1
supports,1
loaded,1
geotrust,1
trading,1
thanks,1
scanning,1
trademark,1
denso,1
wave,1
imprint,1
idapple,1
lava,1
blaze,1
pixel,1
oneplus,1
nord,1
lite,1
infinix,1
xiaomi,1
ultra,1
pack,1
bigger,1
battery,1
nears,1
launch,1
nbtc,1
expected,1
specssamsung,1
reportedly,1
larger,1
displayssamsung,1
series,1
spotted,1
samsung,1
camera,1
impressive,1
undeniable,1
panacheoppo,1
trick,1
sleevetecno,1
phantom,1
megabook,1
intel,1
pentium,1
silver,1
modern,1
lenovo,1
omen,1
rambest,1
studentsbest,1
demand,1
reports,1
growth,1
leadintel,1
manufacturersapple,1
scary,1
exciting,1
announcements,1
placehp,1
announces,1
titan,1
bridges,1
desktop,1
reviewlenovo,1
legion,1
tesla,1
laptopshp,1
versatileomen,1
killer,1
combinationtop,1
finder,1
awards,1
portals,1
goal,1
decide,1
testing,1
thousands,1
labs,1
noida,1
arrive,1
indepth,1
unbiased,1
advice,1
millions,1
building,1
grooming,1
leaders,1
promising,1
group,1
username,1
remember,1
water,1
purifier,1
cleaner,1
purifter,1
ovens,1
bento,1
rich,1
increate,1
plugins,1
shareviddeeobf,1
reurladvertisementxpage,1
foundthis,1
impact,1
super,1
toolsemojigeo,1
converterqr,1
codelength,1
convertertaiwan,1
companytaiwan,1
stockword,1
counterdate,1
calculatorlunar,1
calendarintroducegeo,1
simplified,1
string,1
parameter,1
seems,1
joias,1
utilizamos,1
melhoria,1
nosso,1
continuar,1
concorda,1
efficiently,1
category,1
categorized,1
enabling,1
necessaryalways,1
adjusting,1
identifiable,1
collecting,1
analytical,1
metrics,1
bounce,1
traffic,1
indexes,1
delivering,1
advertisements,1
visited,1
previously,1
effectiveness,1
pular,1
principal,1
pesquisa,1
carrinhofechar,1
nenhum,1
produto,1
compra,1
volta,1
casa,1
contatos,1
rubens,1
navegue,1
termos,1
gente,1
pagamento,1
seguro,1
welovejoias,1
desenvolvido,1
privacidade,1
unsafe,1
directing,1
fake,1
dangerous,1
gaining,1
cheating,1
forward,1
screen,1
contenido,1
banned,1
guidelines,1
maintain,1
comply,1
inbox,1
forget,1
taking,1
statement,1
complete,1
inform,1
disabledthis,1
maliciously,1
careful,1
somebody,1
aware,1
operate,1
servers,1
spammers,1
unsubscribe,1
seriously,1
combination,1
automated,1
measures,1
manual,1
investigation,1
complaints,1
prevent,1
wherever,1
sorry,1
inconvenience,1
misuse,1
given,1
below,1
strongly,1
damage,1
recruit,1
netherlands,1
kinds,1
members,1
club,1
naganokenengeki,1
luxeritas,1
godaddy,1
domaincopyright,1
references,1
plala,1
escola,1
mazza,1
materiais,1
gratuitos,1
parece,1
apontava,1
aqui,1
estava,1
tente,1
reservados,1
youtuberentertainerathlete,1
categories,1
athlete,1
entertainer,1
youtuber,1
pocket,1
pinterest,1
protected,1
times,1
yout,1
meeting,1
room,1
mail,1
menus,1
pagetop,1
critical,1
input,1
docx,1
byebuvbuy,1
domainusd,1
paymentseblisted,1
byebuvbuyer,1
nowbiglobe,1
systems,1
violate,1
acceptable,1
violations,1
blocklisting,1
harm,1
nefarious,1
otherwise,1
hide,1
forgery,1
infringe,1
